ticker,name,sector
AAL,AMERICAN AIRLINES GROUP INC,Industrials
AAOI,APPLIED OPTOELECTRONICS INC,Technology
AAPL,APPLE INC,Technology
ABBV,ABBVIE INC,Healthcare
ABT,ABBOTT LABORATORIES,Healthcare
ACN,ACCENTURE PLC,Technology
ADBE,ADOBE INC,Technology
ADI,ANALOG DEVICES INC,Technology
ALAB,ASTERA LABS INC,Technology
AMAT,APPLIED MATERIALS INC,Technology
AMD,ADVANCED MICRO DEVICES INC,Technology
AMGN,AMGEN INC,Healthcare
AMZN,AMAZON COM INC,Consumer Cyclical
ANET,ARISTA NETWORKS INC,Technology
APH,AMPHENOL CORP,Technology
APP,APPLOVIN CORP,Technology
ARM,ARM HOLDINGS PLC,Technology
ASML,ASML HOLDING NV,Technology
ASTS,AST SPACEMOBILE INC,Technology
AVGO,BROADCOM INC,Technology
AXP,AMERICAN EXPRESS CO,Financial Services
AZO,AUTOZONE INC,Consumer Cyclical
BA,BOEING CO,Industrials
BABA,ALIBABA GROUP HOLDING LTD,Consumer Cyclical
BAC,BANK OF AMERICA CORP,Financial Services
BE,BLOOM ENERGY CORP,Industrials
BKNG,BOOKING HOLDINGS INC,Industrials
BLK,BLACKROCK INC,Financial Services
BRK-B,BERKSHIRE HATHAWAY INC,Financial Services
BSX,BOSTON SCIENTIFIC CORP,Healthcare
C,CITIGROUP INC,Financial Services
CAT,CATERPILLAR INC,Industrials
CBRS,CEREBRAS SYSTEMS INC,Technology
CDNS,CADENCE DESIGN SYSTEMS INC,Technology
CEG,CONSTELLATION ENERGY CORP,Utilities
CIEN,CIENA CORP,Technology
CLS,CELESTICA INC,Technology
CMCSA,COMCAST CORP,Communication Services
CME,CME GROUP INC,Financial Services
COF,CAPITAL ONE FINANCIAL CORP,Financial Services
COHR,COHERENT CORP,Technology
COIN,COINBASE GLOBAL INC,Financial Services
COP,CONOCOPHILLIPS,Energy
COST,COSTCO WHOLESALE CORP,Consumer Defensive
CRCL,CIRCLE INTERNET GROUP INC,Financial Services
CRDO,CREDO TECHNOLOGY GROUP HOLDING LTD,Technology
CRM,SALESFORCE INC,Technology
CRWD,CROWDSTRIKE HOLDINGS INC,Technology
CRWV,COREWEAVE INC,Technology
CSCO,CISCO SYSTEMS INC,Technology
CVS,CVS HEALTH CORP,Healthcare
CVX,CHEVRON CORP,Energy
DASH,DOORDASH INC,Communication Services
DDOG,DATADOG INC,Technology
DE,DEERE & CO,Industrials
DELL,DELL TECHNOLOGIES INC,Technology
DHR,DANAHER CORP,Healthcare
DIS,WALT DISNEY CO,Communication Services
ETN,EATON CORP PLC,Industrials
FCX,FREEPORT-MCMORAN INC,Basic Materials
FIX,COMFORT SYSTEMS USA INC,Industrials
FTNT,FORTINET INC,Technology
GE,GE AEROSPACE,Industrials
GEV,GE VERNOVA INC,Utilities
GILD,GILEAD SCIENCES INC,Healthcare
GLW,CORNING INC,Technology
GOOG,ALPHABET INC,Communication Services
GOOGL,ALPHABET INC,Communication Services
GS,GOLDMAN SACHS GROUP INC,Financial Services
HD,HOME DEPOT INC,Consumer Cyclical
HON,HONEYWELL INTERNATIONAL INC,Industrials
HOOD,ROBINHOOD MARKETS INC,Financial Services
HPE,HEWLETT PACKARD ENTERPRISE CO,Technology
IBM,INTERNATIONAL BUSINESS MACHINES CORP,Technology
INTC,INTEL CORP,Technology
INTU,INTUIT INC,Technology
IONQ,IONQ INC,Technology
IREN,IREN LTD,Financial Services
ISRG,INTUITIVE SURGICAL INC,Healthcare
JNJ,JOHNSON & JOHNSON,Healthcare
JPM,JPMORGAN CHASE & CO,Financial Services
KLAC,KLA CORP,Technology
KO,COCA COLA CO,Consumer Defensive
LIN,LINDE PLC,Basic Materials
LITE,LUMENTUM HOLDINGS INC,Technology
LLY,ELI LILLY & CO,Healthcare
LRCX,LAM RESEARCH CORP,Technology
MA,MASTERCARD INC,Financial Services
MCD,MCDONALDS CORP,Consumer Cyclical
MCHP,MICROCHIP TECHNOLOGY INC,Technology
MCK,MCKESSON CORP,Healthcare
MDT,MEDTRONIC PLC,Healthcare
MELI,MERCADOLIBRE INC,Consumer Cyclical
META,META PLATFORMS INC,Communication Services
MPWR,MONOLITHIC POWER SYSTEMS INC,Technology
MRK,MERCK & CO INC,Healthcare
MRVL,MARVELL TECHNOLOGY INC,Technology
MS,MORGAN STANLEY,Financial Services
MSFT,MICROSOFT CORP,Technology
MSTR,STRATEGY INC,Technology
MU,MICRON TECHNOLOGY INC,Technology
NBIS,NEBIUS GROUP NV,Communication Services
NEE,NEXTERA ENERGY INC,Utilities
NEM,NEWMONT CORP,Basic Materials
NET,CLOUDFLARE INC,Technology
NFLX,NETFLIX INC,Communication Services
NKE,NIKE INC,Consumer Cyclical
NOK,NOKIA CORP,Technology
NOW,SERVICENOW INC,Technology
NU,NU HOLDINGS LTD,Financial Services
NVDA,NVIDIA CORP,Technology
NXPI,NXP SEMICONDUCTORS NV,Technology
ON,ON SEMICONDUCTOR CORP,Technology
ORCL,ORACLE CORP,Technology
PANW,PALO ALTO NETWORKS INC,Technology
PATH,UIPATH INC,Technology
PEP,PEPSICO INC,Consumer Defensive
PFE,PFIZER INC,Healthcare
PG,PROCTER & GAMBLE CO,Consumer Defensive
PLTR,PALANTIR TECHNOLOGIES INC,Technology
PM,PHILIP MORRIS INTERNATIONAL INC,Consumer Defensive
PWR,QUANTA SERVICES INC,Industrials
QCOM,QUALCOMM INC,Technology
RKLB,ROCKET LAB CORP,Industrials
RTX,RTX CORP,Industrials
SBUX,STARBUCKS CORP,Consumer Cyclical
SCHW,SCHWAB CHARLES CORP,Financial Services
SHOP,SHOPIFY INC,Technology
SKHY,SK HYNIX INC,Technology
SMCI,SUPER MICRO COMPUTER INC,Technology
SNDK,SANDISK CORP,Technology
SNOW,SNOWFLAKE INC,Technology
SNPS,SYNOPSYS INC,Technology
SOFI,SOFI TECHNOLOGIES INC,Financial Services
SPCX,SPACE EXPLORATION TECHNOLOGIES CORP,Industrials
SPGI,S&P GLOBAL INC,Financial Services
SPOT,SPOTIFY TECHNOLOGY SA,Communication Services
STM,STMICROELECTRONICS NV,Technology
STX,SEAGATE TECHNOLOGY HOLDINGS PLC,Technology
SYK,STRYKER CORP,Healthcare
T,AT&T INC,Communication Services
TER,TERADYNE INC,Technology
TJX,TJX COMPANIES INC,Consumer Cyclical
TMO,THERMO FISHER SCIENTIFIC INC,Healthcare
TMUS,T-MOBILE US INC,Communication Services
TSLA,TESLA INC,Consumer Cyclical
TSM,TAIWAN SEMICONDUCTOR MANUFACTURING CO LTD,Technology
TXN,TEXAS INSTRUMENTS INC,Technology
UBER,UBER TECHNOLOGIES INC,Technology
UNH,UNITEDHEALTH GROUP INC,Healthcare
UNP,UNION PACIFIC CORP,Industrials
V,VISA INC,Financial Services
VLO,VALERO ENERGY CORP,Energy
VRT,VERTIV HOLDINGS CO,Industrials
VZ,VERIZON COMMUNICATIONS INC,Communication Services
WDC,WESTERN DIGITAL CORP,Technology
WFC,WELLS FARGO & COMPANY,Financial Services
WMT,WALMART INC,Consumer Defensive
XOM,EXXON MOBIL CORP,Energy
